protocol_id,page,cb_ix,tb_ix,pattern,segmentation,who
prot-1968--ak--24,0,2,,,metadata,
prot-1968--ak--24,0,4,,,metadata,
prot-1968--ak--24,0,5,,,metadata,
prot-1968--ak--24,0,6,,,metadata,
prot-1968--ak--24,0,8,,,metadata,
prot-1968--ak--24,1,0,,,metadata,
prot-1968--ak--24,1,2,,,metadata,
prot-1968--ak--24,1,3,,,metadata,
prot-1968--ak--24,1,4,,,metadata,
prot-1968--ak--24,1,5,,,metadata,
prot-1968--ak--24,1,6,,,metadata,
prot-1968--ak--24,1,7,,,metadata,
prot-1968--ak--24,1,8,,,metadata,
prot-1968--ak--24,1,9,,,metadata,
prot-1968--ak--24,1,10,,,metadata,
prot-1968--ak--24,1,11,,,metadata,
prot-1968--ak--24,1,12,,,metadata,
prot-1968--ak--24,1,13,,,metadata,
prot-1968--ak--24,1,14,,,metadata,
prot-1968--ak--24,1,15,,,metadata,
prot-1968--ak--24,2,0,,,metadata,
prot-1968--ak--24,2,2,,,metadata,
prot-1968--ak--24,2,5,,,metadata,
prot-1968--ak--24,2,6,,,metadata,
prot-1968--ak--24,2,7,,,metadata,
prot-1968--ak--24,2,8,,,metadata,
prot-1968--ak--24,2,9,,,metadata,
prot-1968--ak--24,2,10,,,metadata,
prot-1968--ak--24,2,11,,,metadata,
prot-1968--ak--24,3,1,,,metadata,
prot-1968--ak--24,4,0,,,metadata,
prot-1968--ak--24,4,1,,,metadata,
prot-1968--ak--24,4,2,,,metadata,
prot-1968--ak--24,4,4,,,metadata,
prot-1968--ak--24,4,8,,,metadata,
prot-1968--ak--24,5,0,,,metadata,
prot-1968--ak--24,5,1,,,metadata,
prot-1968--ak--24,5,3,,,metadata,
prot-1968--ak--24,6,0,,,metadata,
prot-1968--ak--24,6,1,,,metadata,
prot-1968--ak--24,6,3,,,metadata,
prot-1968--ak--24,7,0,,,metadata,
prot-1968--ak--24,7,1,,,metadata,
prot-1968--ak--24,7,3,,,metadata,
prot-1968--ak--24,8,0,,,metadata,
prot-1968--ak--24,8,1,,,metadata,
prot-1968--ak--24,8,3,,,metadata,
prot-1968--ak--24,8,8,,,metadata,
prot-1968--ak--24,9,0,,,metadata,
prot-1968--ak--24,9,1,,,metadata,
prot-1968--ak--24,9,3,,,metadata,
prot-1968--ak--24,10,0,,,metadata,
prot-1968--ak--24,10,1,,,metadata,
prot-1968--ak--24,10,3,,,metadata,
prot-1968--ak--24,11,0,,,metadata,
prot-1968--ak--24,11,1,,,metadata,
prot-1968--ak--24,11,3,,,metadata,
prot-1968--ak--24,11,6,,,metadata,
prot-1968--ak--24,11,7,,f0d538d10bda4e34,speech_start,Gunnar Hedlund
prot-1968--ak--24,11,7,,0ba23c147c1beed8,speech_start,Gunnar Hedlund
prot-1968--ak--24,12,0,,,metadata,
prot-1968--ak--24,12,1,,,metadata,
prot-1968--ak--24,12,3,,,metadata,
prot-1968--ak--24,13,0,,,metadata,
prot-1968--ak--24,13,1,,,metadata,
prot-1968--ak--24,13,3,,,metadata,
prot-1968--ak--24,14,0,,,metadata,
prot-1968--ak--24,14,1,,,metadata,
prot-1968--ak--24,14,3,,,metadata,
prot-1968--ak--24,15,0,,,metadata,
prot-1968--ak--24,15,1,,,metadata,
prot-1968--ak--24,15,3,,,metadata,
prot-1968--ak--24,15,4,,f0d538d10bda4e34,speech_start,Wiking Werbro
prot-1968--ak--24,15,4,,0ba23c147c1beed8,speech_start,Wiking Werbro
prot-1968--ak--24,16,0,,,metadata,
prot-1968--ak--24,16,1,,,metadata,
prot-1968--ak--24,16,3,,,metadata,
prot-1968--ak--24,16,5,,f0d538d10bda4e34,speech_start,
prot-1968--ak--24,16,5,,0ba23c147c1beed8,speech_start,
prot-1968--ak--24,17,0,,,metadata,
prot-1968--ak--24,17,1,,,metadata,
prot-1968--ak--24,17,3,,,metadata,
prot-1968--ak--24,18,0,,,metadata,
prot-1968--ak--24,18,1,,,metadata,
prot-1968--ak--24,18,3,,,metadata,
prot-1968--ak--24,19,0,,,metadata,
prot-1968--ak--24,19,1,,,metadata,
prot-1968--ak--24,19,3,,,metadata,
prot-1968--ak--24,19,5,,f0d538d10bda4e34,speech_start,C-H Hermansson
prot-1968--ak--24,19,5,,0ba23c147c1beed8,speech_start,C-H Hermansson
prot-1968--ak--24,20,0,,,metadata,
prot-1968--ak--24,20,1,,,metadata,
prot-1968--ak--24,20,3,,,metadata,
prot-1968--ak--24,21,0,,,metadata,
prot-1968--ak--24,21,1,,,metadata,
prot-1968--ak--24,21,3,,,metadata,
prot-1968--ak--24,21,6,,f0d538d10bda4e34,speech_start,Ingrid Sundberg
prot-1968--ak--24,21,6,,0ba23c147c1beed8,speech_start,Ingrid Sundberg
prot-1968--ak--24,22,0,,,metadata,
prot-1968--ak--24,22,1,,,metadata,
prot-1968--ak--24,22,3,,,metadata,
prot-1968--ak--24,23,0,,,metadata,
prot-1968--ak--24,23,1,,,metadata,
prot-1968--ak--24,23,3,,,metadata,
prot-1968--ak--24,24,0,,,metadata,
prot-1968--ak--24,24,1,,,metadata,
prot-1968--ak--24,24,3,,,metadata,
prot-1968--ak--24,24,6,,f0d538d10bda4e34,speech_start,Axel Jansson
prot-1968--ak--24,24,6,,0ba23c147c1beed8,speech_start,Axel Jansson
prot-1968--ak--24,25,0,,,metadata,
prot-1968--ak--24,25,1,,,metadata,
prot-1968--ak--24,25,3,,,metadata,
prot-1968--ak--24,26,0,,,metadata,
prot-1968--ak--24,26,1,,,metadata,
prot-1968--ak--24,26,3,,,metadata,
prot-1968--ak--24,27,0,,,metadata,
prot-1968--ak--24,27,1,,,metadata,
prot-1968--ak--24,27,3,,,metadata,
prot-1968--ak--24,28,0,,,metadata,
prot-1968--ak--24,28,1,,,metadata,
prot-1968--ak--24,28,3,,,metadata,
prot-1968--ak--24,29,0,,,metadata,
prot-1968--ak--24,29,1,,,metadata,
prot-1968--ak--24,29,3,,,metadata,
prot-1968--ak--24,29,7,,f0d538d10bda4e34,speech_start,Gösta Bohman
prot-1968--ak--24,29,7,,0ba23c147c1beed8,speech_start,Gösta Bohman
prot-1968--ak--24,30,0,,,metadata,
prot-1968--ak--24,30,1,,,metadata,
prot-1968--ak--24,30,3,,,metadata,
prot-1968--ak--24,31,0,,,metadata,
prot-1968--ak--24,31,1,,,metadata,
prot-1968--ak--24,31,3,,,metadata,
prot-1968--ak--24,32,0,,,metadata,
prot-1968--ak--24,32,1,,,metadata,
prot-1968--ak--24,32,3,,,metadata,
prot-1968--ak--24,32,6,,,metadata,
prot-1968--ak--24,33,0,,,metadata,
prot-1968--ak--24,33,1,,,metadata,
prot-1968--ak--24,33,3,,,metadata,
prot-1968--ak--24,34,0,,,metadata,
prot-1968--ak--24,34,1,,,metadata,
prot-1968--ak--24,34,3,,,metadata,
prot-1968--ak--24,35,0,,,metadata,
prot-1968--ak--24,35,1,,,metadata,
prot-1968--ak--24,35,3,,,metadata,
prot-1968--ak--24,36,0,,,metadata,
prot-1968--ak--24,36,1,,,metadata,
prot-1968--ak--24,36,3,,,metadata,
prot-1968--ak--24,37,0,,,metadata,
prot-1968--ak--24,37,1,,,metadata,
prot-1968--ak--24,37,3,,,metadata,
prot-1968--ak--24,38,0,,,metadata,
prot-1968--ak--24,38,1,,,metadata,
prot-1968--ak--24,38,3,,,metadata,
prot-1968--ak--24,39,0,,,metadata,
prot-1968--ak--24,39,1,,,metadata,
prot-1968--ak--24,39,3,,,metadata,
prot-1968--ak--24,39,6,,8f6bb79aaba3167f,speech_start,Tage Erlander
prot-1968--ak--24,40,0,,,metadata,
prot-1968--ak--24,40,1,,,metadata,
prot-1968--ak--24,40,3,,,metadata,
prot-1968--ak--24,40,6,,,metadata,
prot-1968--ak--24,41,0,,,metadata,
prot-1968--ak--24,41,1,,,metadata,
prot-1968--ak--24,41,3,,,metadata,
prot-1968--ak--24,42,0,,,metadata,
prot-1968--ak--24,42,1,,,metadata,
prot-1968--ak--24,42,3,,,metadata,
prot-1968--ak--24,43,0,,,metadata,
prot-1968--ak--24,43,1,,,metadata,
prot-1968--ak--24,43,3,,,metadata,
prot-1968--ak--24,44,0,,,metadata,
prot-1968--ak--24,44,1,,,metadata,
prot-1968--ak--24,44,3,,,metadata,
prot-1968--ak--24,45,0,,,metadata,
prot-1968--ak--24,45,1,,,metadata,
prot-1968--ak--24,45,3,,,metadata,
prot-1968--ak--24,46,0,,,metadata,
prot-1968--ak--24,46,1,,,metadata,
prot-1968--ak--24,46,3,,,metadata,
prot-1968--ak--24,47,0,,,metadata,
prot-1968--ak--24,47,1,,,metadata,
prot-1968--ak--24,47,3,,,metadata,
prot-1968--ak--24,48,0,,,metadata,
prot-1968--ak--24,48,1,,,metadata,
prot-1968--ak--24,48,3,,,metadata,
prot-1968--ak--24,49,0,,,metadata,
prot-1968--ak--24,49,1,,,metadata,
prot-1968--ak--24,49,3,,,metadata,
prot-1968--ak--24,50,0,,,metadata,
prot-1968--ak--24,50,1,,,metadata,
prot-1968--ak--24,50,3,,,metadata,
prot-1968--ak--24,51,0,,,metadata,
prot-1968--ak--24,51,1,,,metadata,
prot-1968--ak--24,51,3,,,metadata,
prot-1968--ak--24,52,0,,,metadata,
prot-1968--ak--24,52,1,,,metadata,
prot-1968--ak--24,52,3,,,metadata,
prot-1968--ak--24,52,7,,,metadata,
prot-1968--ak--24,52,8,,f0d538d10bda4e34,speech_start,Bertil Rubin
prot-1968--ak--24,52,8,,0ba23c147c1beed8,speech_start,Bertil Rubin
prot-1968--ak--24,53,0,,,metadata,
prot-1968--ak--24,53,1,,,metadata,
prot-1968--ak--24,53,3,,,metadata,
prot-1968--ak--24,54,0,,,metadata,
prot-1968--ak--24,54,1,,,metadata,
prot-1968--ak--24,54,3,,,metadata,
prot-1968--ak--24,54,6,,f0d538d10bda4e34,speech_start,Alf Wennerfors
prot-1968--ak--24,54,6,,0ba23c147c1beed8,speech_start,Alf Wennerfors
prot-1968--ak--24,55,0,,,metadata,
prot-1968--ak--24,55,1,,,metadata,
prot-1968--ak--24,55,3,,,metadata,
prot-1968--ak--24,56,0,,,metadata,
prot-1968--ak--24,56,1,,,metadata,
prot-1968--ak--24,56,5,,,metadata,
prot-1968--ak--24,56,10,,,metadata,
prot-1968--ak--24,56,11,,f0d538d10bda4e34,speech_start,Bo Turesson
prot-1968--ak--24,56,11,,0ba23c147c1beed8,speech_start,Bo Turesson
prot-1968--ak--24,57,0,,,metadata,
prot-1968--ak--24,57,4,,,metadata,
prot-1968--ak--24,57,6,,,metadata,
prot-1968--ak--24,57,7,,,metadata,
prot-1968--ak--24,57,8,,,metadata,
prot-1968--ak--24,57,9,,,metadata,
prot-1968--ak--24,57,11,,,metadata,
prot-1968--ak--24,58,0,,,metadata,
prot-1968--ak--24,58,1,,,metadata,
prot-1968--ak--24,59,0,,,metadata,
prot-1968--ak--24,59,1,,,metadata,
prot-1968--ak--24,60,0,,,metadata,
prot-1968--ak--24,60,1,,,metadata,
prot-1968--ak--24,60,4,,,metadata,
prot-1968--ak--24,61,0,,,metadata,
prot-1968--ak--24,61,1,,,metadata,
prot-1968--ak--24,62,0,,,metadata,
prot-1968--ak--24,62,1,,,metadata,
prot-1968--ak--24,63,0,,,metadata,
prot-1968--ak--24,63,1,,,metadata,
prot-1968--ak--24,64,0,,,metadata,
prot-1968--ak--24,64,1,,,metadata,
prot-1968--ak--24,64,6,,,metadata,
prot-1968--ak--24,65,0,,,metadata,
prot-1968--ak--24,65,1,,,metadata,
prot-1968--ak--24,66,0,,,metadata,
prot-1968--ak--24,66,1,,,metadata,
prot-1968--ak--24,66,5,,f0d538d10bda4e34,speech_start,Gördis Hörnlund
prot-1968--ak--24,66,5,,0ba23c147c1beed8,speech_start,Gördis Hörnlund
prot-1968--ak--24,67,0,,,metadata,
prot-1968--ak--24,67,1,,,metadata,
prot-1968--ak--24,68,0,,,metadata,
prot-1968--ak--24,68,1,,,metadata,
prot-1968--ak--24,69,0,,,metadata,
prot-1968--ak--24,69,1,,,metadata,
prot-1968--ak--24,69,3,,,metadata,
prot-1968--ak--24,69,7,,,metadata,
prot-1968--ak--24,70,0,,,metadata,
prot-1968--ak--24,70,1,,,metadata,
prot-1968--ak--24,70,3,,,metadata,
prot-1968--ak--24,70,7,,,metadata,
prot-1968--ak--24,70,8,,f0d538d10bda4e34,speech_start,Axel Jansson
prot-1968--ak--24,70,8,,0ba23c147c1beed8,speech_start,Axel Jansson
prot-1968--ak--24,71,0,,,metadata,
prot-1968--ak--24,71,1,,,metadata,
prot-1968--ak--24,71,3,,,metadata,
prot-1968--ak--24,72,0,,,metadata,
prot-1968--ak--24,72,1,,,metadata,
prot-1968--ak--24,72,3,,,metadata,
prot-1968--ak--24,72,7,,,metadata,
prot-1968--ak--24,73,0,,,metadata,
prot-1968--ak--24,73,1,,,metadata,
prot-1968--ak--24,73,3,,,metadata,
prot-1968--ak--24,74,0,,,metadata,
prot-1968--ak--24,74,1,,,metadata,
prot-1968--ak--24,74,4,,f0d538d10bda4e34,speech_start,Axel Jansson
prot-1968--ak--24,74,4,,0ba23c147c1beed8,speech_start,Axel Jansson
prot-1968--ak--24,74,7,,,metadata,
prot-1968--ak--24,75,0,,,metadata,
prot-1968--ak--24,75,1,,,metadata,
prot-1968--ak--24,75,4,,,metadata,
prot-1968--ak--24,75,7,,,metadata,
prot-1968--ak--24,76,0,,,metadata,
prot-1968--ak--24,76,1,,,metadata,
prot-1968--ak--24,76,5,,,metadata,
prot-1968--ak--24,76,6,,f0d538d10bda4e34,speech_start,Olle Westberg
prot-1968--ak--24,76,6,,0ba23c147c1beed8,speech_start,Olle Westberg
prot-1968--ak--24,77,0,,,metadata,
prot-1968--ak--24,77,1,,,metadata,
prot-1968--ak--24,78,0,,,metadata,
prot-1968--ak--24,78,1,,,metadata,
prot-1968--ak--24,78,5,,,metadata,
prot-1968--ak--24,79,0,,,metadata,
prot-1968--ak--24,79,1,,,metadata,
prot-1968--ak--24,80,0,,,metadata,
prot-1968--ak--24,80,1,,,metadata,
prot-1968--ak--24,80,4,,,metadata,
prot-1968--ak--24,80,5,,f0d538d10bda4e34,speech_start,Carl-Eric Hedin
prot-1968--ak--24,80,5,,0ba23c147c1beed8,speech_start,Carl-Eric Hedin
prot-1968--ak--24,81,0,,,metadata,
prot-1968--ak--24,81,3,,,metadata,
prot-1968--ak--24,81,4,,,metadata,
prot-1968--ak--24,82,0,,,metadata,
prot-1968--ak--24,82,1,,,metadata,
prot-1968--ak--24,82,4,,f0d538d10bda4e34,speech_start,
prot-1968--ak--24,82,4,,0ba23c147c1beed8,speech_start,
prot-1968--ak--24,83,0,,,metadata,
prot-1968--ak--24,83,1,,,metadata,
prot-1968--ak--24,83,6,,f0d538d10bda4e34,speech_start,Carl-Eric Hedin
prot-1968--ak--24,83,6,,0ba23c147c1beed8,speech_start,Carl-Eric Hedin
prot-1968--ak--24,84,0,,,metadata,
prot-1968--ak--24,84,1,,,metadata,
prot-1968--ak--24,84,6,,f0d538d10bda4e34,speech_start,Carl-Eric Hedin
prot-1968--ak--24,84,6,,0ba23c147c1beed8,speech_start,Carl-Eric Hedin
prot-1968--ak--24,84,8,,,metadata,
prot-1968--ak--24,85,0,,,metadata,
prot-1968--ak--24,85,1,,,metadata,
prot-1968--ak--24,85,5,,,metadata,
prot-1968--ak--24,86,0,,,metadata,
prot-1968--ak--24,86,1,,,metadata,
prot-1968--ak--24,87,0,,,metadata,
prot-1968--ak--24,87,1,,,metadata,
prot-1968--ak--24,87,9,,,metadata,
prot-1968--ak--24,88,0,,,metadata,
prot-1968--ak--24,88,1,,,metadata,
prot-1968--ak--24,88,4,,,metadata,
prot-1968--ak--24,89,0,,,metadata,
prot-1968--ak--24,89,1,,,metadata,
prot-1968--ak--24,89,5,,,metadata,
prot-1968--ak--24,89,9,,,metadata,
prot-1968--ak--24,89,10,,f0d538d10bda4e34,speech_start,Bertil Jonasson
prot-1968--ak--24,89,10,,0ba23c147c1beed8,speech_start,Bertil Jonasson
prot-1968--ak--24,90,0,,,metadata,
prot-1968--ak--24,90,1,,,metadata,
prot-1968--ak--24,91,0,,,metadata,
prot-1968--ak--24,91,1,,,metadata,
prot-1968--ak--24,91,5,,,metadata,
prot-1968--ak--24,91,9,,f0d538d10bda4e34,speech_start,Bertil Jonasson
prot-1968--ak--24,91,9,,0ba23c147c1beed8,speech_start,Bertil Jonasson
prot-1968--ak--24,91,11,,,metadata,
prot-1968--ak--24,91,14,,8f6bb79aaba3167f,speech_start,
prot-1968--ak--24,92,0,,,metadata,
prot-1968--ak--24,92,1,,,metadata,
prot-1968--ak--24,92,4,,,metadata,
prot-1968--ak--24,92,5,,f0d538d10bda4e34,speech_start,
prot-1968--ak--24,92,5,,0ba23c147c1beed8,speech_start,
prot-1968--ak--24,92,8,,,metadata,
prot-1968--ak--24,93,0,,,metadata,
prot-1968--ak--24,93,1,,,metadata,
prot-1968--ak--24,93,4,,,metadata,
prot-1968--ak--24,94,0,,,metadata,
prot-1968--ak--24,94,1,,,metadata,
prot-1968--ak--24,94,5,,,metadata,
prot-1968--ak--24,94,6,,f0d538d10bda4e34,speech_start,C-H Hermansson
prot-1968--ak--24,94,6,,0ba23c147c1beed8,speech_start,C-H Hermansson
prot-1968--ak--24,94,7,,,metadata,
prot-1968--ak--24,95,0,,,metadata,
prot-1968--ak--24,95,1,,,metadata,
prot-1968--ak--24,95,3,,,metadata,
prot-1968--ak--24,95,6,,,metadata,
prot-1968--ak--24,95,11,,,metadata,
prot-1968--ak--24,96,0,,,metadata,
prot-1968--ak--24,96,1,,,metadata,
prot-1968--ak--24,96,2,,,metadata,
prot-1968--ak--24,96,4,,,metadata,
prot-1968--ak--24,96,9,,,metadata,
prot-1968--ak--24,97,0,,,metadata,
prot-1968--ak--24,97,1,,,metadata,
prot-1968--ak--24,97,3,,,metadata,
prot-1968--ak--24,97,6,,8f6bb79aaba3167f,speech_start,Sven Johansson
prot-1968--ak--24,97,8,,,metadata,
prot-1968--ak--24,97,12,,,metadata,
prot-1968--ak--24,98,0,,,metadata,
prot-1968--ak--24,98,1,,,metadata,
prot-1968--ak--24,98,4,,,metadata,
prot-1968--ak--24,98,5,,f0d538d10bda4e34,speech_start,Nils Carlshamre
prot-1968--ak--24,98,5,,0ba23c147c1beed8,speech_start,Nils Carlshamre
prot-1968--ak--24,99,0,,,metadata,
prot-1968--ak--24,99,1,,,metadata,
prot-1968--ak--24,99,5,,,metadata,
prot-1968--ak--24,99,10,,,metadata,
prot-1968--ak--24,99,11,,f0d538d10bda4e34,speech_start,
prot-1968--ak--24,99,11,,0ba23c147c1beed8,speech_start,
prot-1968--ak--24,100,0,,,metadata,
prot-1968--ak--24,100,1,,,metadata,
prot-1968--ak--24,100,5,,,metadata,
prot-1968--ak--24,100,10,,,metadata,
prot-1968--ak--24,100,11,,f0d538d10bda4e34,speech_start,
prot-1968--ak--24,100,11,,0ba23c147c1beed8,speech_start,
prot-1968--ak--24,101,0,,,metadata,
prot-1968--ak--24,101,1,,,metadata,
prot-1968--ak--24,101,6,,,metadata,
prot-1968--ak--24,101,11,,,metadata,
prot-1968--ak--24,102,0,,,metadata,
prot-1968--ak--24,102,1,,,metadata,
prot-1968--ak--24,103,0,,,metadata,
prot-1968--ak--24,103,1,,,metadata,
prot-1968--ak--24,104,0,,,metadata,
prot-1968--ak--24,104,1,,,metadata,
prot-1968--ak--24,104,12,,,metadata,
prot-1968--ak--24,104,16,,,metadata,
prot-1968--ak--24,105,0,,,metadata,
prot-1968--ak--24,105,1,,,metadata,
prot-1968--ak--24,105,4,,,metadata,
prot-1968--ak--24,105,5,,f0d538d10bda4e34,speech_start,Olle Westberg
prot-1968--ak--24,105,5,,0ba23c147c1beed8,speech_start,Olle Westberg
prot-1968--ak--24,105,6,,8f6bb79aaba3167f,speech_start,Svante Lundkvist
prot-1968--ak--24,105,9,,,metadata,
prot-1968--ak--24,105,13,,,metadata,
prot-1968--ak--24,105,14,,f0d538d10bda4e34,speech_start,Olle Westberg
prot-1968--ak--24,105,14,,0ba23c147c1beed8,speech_start,Olle Westberg
prot-1968--ak--24,106,0,,,metadata,
prot-1968--ak--24,106,1,,,metadata,
prot-1968--ak--24,106,6,,f0d538d10bda4e34,speech_start,Olle Westberg
prot-1968--ak--24,106,6,,0ba23c147c1beed8,speech_start,Olle Westberg
prot-1968--ak--24,106,8,,,metadata,
prot-1968--ak--24,107,0,,,metadata,
prot-1968--ak--24,107,1,,,metadata,
prot-1968--ak--24,107,4,,,metadata,
prot-1968--ak--24,107,10,,,metadata,
prot-1968--ak--24,107,12,,,metadata,
prot-1968--ak--24,108,0,,,metadata,
prot-1968--ak--24,108,1,,,metadata,
prot-1968--ak--24,108,3,,,metadata,
prot-1968--ak--24,108,6,,,metadata,
prot-1968--ak--24,109,0,,,metadata,
prot-1968--ak--24,109,1,,,metadata,
prot-1968--ak--24,109,3,,,metadata,
prot-1968--ak--24,110,0,,,metadata,
prot-1968--ak--24,110,1,,,metadata,
prot-1968--ak--24,110,3,,,metadata,
prot-1968--ak--24,111,0,,,metadata,
prot-1968--ak--24,111,1,,,metadata,
prot-1968--ak--24,111,3,,,metadata,
prot-1968--ak--24,112,0,,,metadata,
prot-1968--ak--24,112,1,,,metadata,
prot-1968--ak--24,112,3,,,metadata,
prot-1968--ak--24,113,0,,,metadata,
prot-1968--ak--24,113,1,,,metadata,
prot-1968--ak--24,113,3,,,metadata,
prot-1968--ak--24,114,0,,,metadata,
prot-1968--ak--24,114,1,,,metadata,
prot-1968--ak--24,115,0,,,metadata,
prot-1968--ak--24,115,1,,,metadata,
prot-1968--ak--24,116,0,,,metadata,
prot-1968--ak--24,116,1,,,metadata,
prot-1968--ak--24,117,0,,,metadata,
prot-1968--ak--24,117,1,,,metadata,
prot-1968--ak--24,118,0,,,metadata,
prot-1968--ak--24,118,1,,,metadata,
prot-1968--ak--24,118,5,,,metadata,
prot-1968--ak--24,118,6,,f0d538d10bda4e34,speech_start,Bo Martinsson
prot-1968--ak--24,118,6,,0ba23c147c1beed8,speech_start,Bo Martinsson
prot-1968--ak--24,119,0,,,metadata,
prot-1968--ak--24,119,1,,,metadata,
prot-1968--ak--24,119,5,,,metadata,
prot-1968--ak--24,120,0,,,metadata,
prot-1968--ak--24,120,1,,,metadata,
prot-1968--ak--24,121,0,,,metadata,
prot-1968--ak--24,121,1,,,metadata,
prot-1968--ak--24,121,4,,f0d538d10bda4e34,speech_start,Ingemar Mundebo
prot-1968--ak--24,121,4,,0ba23c147c1beed8,speech_start,Ingemar Mundebo
prot-1968--ak--24,122,0,,,metadata,
prot-1968--ak--24,122,1,,,metadata,
prot-1968--ak--24,122,4,,f0d538d10bda4e34,speech_start,Gunvor Ryding
prot-1968--ak--24,122,4,,0ba23c147c1beed8,speech_start,Gunvor Ryding
prot-1968--ak--24,122,11,,,metadata,
prot-1968--ak--24,122,13,,,metadata,
prot-1968--ak--24,123,0,,,metadata,
prot-1968--ak--24,123,1,,,metadata,
prot-1968--ak--24,123,5,,,metadata,
prot-1968--ak--24,123,9,,,metadata,
prot-1968--ak--24,123,12,,,metadata,
prot-1968--ak--24,123,16,,,metadata,
prot-1968--ak--24,123,19,,,metadata,
prot-1968--ak--24,124,0,,,metadata,
prot-1968--ak--24,124,1,,,metadata,
prot-1968--ak--24,124,4,,,metadata,
prot-1968--ak--24,124,8,,,metadata,
prot-1968--ak--24,124,15,,,metadata,
prot-1968--ak--24,124,18,,,metadata,
prot-1968--ak--24,125,0,,,metadata,
prot-1968--ak--24,125,1,,,metadata,
prot-1968--ak--24,125,3,,,metadata,
prot-1968--ak--24,125,6,,,metadata,
prot-1968--ak--24,125,8,,,metadata,
prot-1968--ak--24,125,9,,,metadata,
prot-1968--ak--24,125,11,,,metadata,
prot-1968--ak--24,125,13,,,metadata,
prot-1968--ak--24,125,14,,,metadata,
prot-1968--ak--24,125,17,,,metadata,
prot-1968--ak--24,125,20,,,metadata,
prot-1968--ak--24,126,0,,,metadata,
prot-1968--ak--24,126,1,,,metadata,
prot-1968--ak--24,126,5,,,metadata,
prot-1968--ak--24,126,9,,,metadata,
prot-1968--ak--24,126,13,,,metadata,
prot-1968--ak--24,126,15,,,metadata,
prot-1968--ak--24,126,16,,,metadata,
prot-1968--ak--24,127,0,,,metadata,
prot-1968--ak--24,127,1,,,metadata,
prot-1968--ak--24,127,3,,,metadata,
prot-1968--ak--24,127,7,,,metadata,
prot-1968--ak--24,127,8,,,metadata,
prot-1968--ak--24,127,11,,,metadata,
prot-1968--ak--24,127,16,,,metadata,
prot-1968--ak--24,127,18,,,metadata,
prot-1968--ak--24,127,19,,,metadata,
prot-1968--ak--24,127,22,,,metadata,
prot-1968--ak--24,128,0,,,metadata,
prot-1968--ak--24,128,1,,,metadata,
prot-1968--ak--24,128,6,,,metadata,
prot-1968--ak--24,128,8,,,metadata,
prot-1968--ak--24,128,13,,,metadata,
prot-1968--ak--24,128,14,,,metadata,
prot-1968--ak--24,128,16,,,metadata,
prot-1968--ak--24,128,17,,,metadata,
prot-1968--ak--24,128,20,,,metadata,
prot-1968--ak--24,128,22,,,metadata,
prot-1968--ak--24,129,0,,,metadata,
prot-1968--ak--24,129,1,,,metadata,
prot-1968--ak--24,129,5,,,metadata,
prot-1968--ak--24,129,16,,,metadata,
prot-1968--ak--24,129,19,,,metadata,
prot-1968--ak--24,130,0,,,metadata,
prot-1968--ak--24,130,1,,,metadata,
prot-1968--ak--24,130,9,,,metadata,
prot-1968--ak--24,130,15,,,metadata,
prot-1968--ak--24,131,0,,,metadata,
prot-1968--ak--24,131,1,,,metadata,
prot-1968--ak--24,131,7,,,metadata,
prot-1968--ak--24,131,14,,,metadata,
prot-1968--ak--24,131,17,,,metadata,
prot-1968--ak--24,131,20,,,metadata,
prot-1968--ak--24,132,0,,,metadata,
prot-1968--ak--24,132,1,,,metadata,
prot-1968--ak--24,132,5,,,metadata,
prot-1968--ak--24,132,9,,,metadata,
prot-1968--ak--24,132,10,,,metadata,
prot-1968--ak--24,132,13,,,metadata,
prot-1968--ak--24,132,16,,,metadata,
prot-1968--ak--24,132,17,,,metadata,
prot-1968--ak--24,133,0,,,metadata,
prot-1968--ak--24,133,1,,,metadata,
prot-1968--ak--24,134,0,,,metadata,
prot-1968--ak--24,134,1,,,metadata,
prot-1968--ak--24,134,6,,,metadata,
prot-1968--ak--24,135,0,,,metadata,
prot-1968--ak--24,135,1,,,metadata,
prot-1968--ak--24,136,0,,,metadata,
prot-1968--ak--24,136,1,,,metadata,
prot-1968--ak--24,136,5,,,metadata,
prot-1968--ak--24,137,0,,,metadata,
prot-1968--ak--24,137,1,,,metadata,
prot-1968--ak--24,138,0,,,metadata,
prot-1968--ak--24,138,1,,,metadata,
prot-1968--ak--24,139,0,,,metadata,
prot-1968--ak--24,139,1,,,metadata,
prot-1968--ak--24,139,5,,f0d538d10bda4e34,speech_start,Bengt Fagerlund
prot-1968--ak--24,139,5,,0ba23c147c1beed8,speech_start,Bengt Fagerlund
prot-1968--ak--24,140,0,,,metadata,
prot-1968--ak--24,140,1,,,metadata,
prot-1968--ak--24,141,0,,,metadata,
prot-1968--ak--24,141,1,,,metadata,
prot-1968--ak--24,142,0,,,metadata,
prot-1968--ak--24,142,1,,,metadata,
prot-1968--ak--24,143,0,,,metadata,
prot-1968--ak--24,143,1,,,metadata,
prot-1968--ak--24,144,0,,,metadata,
prot-1968--ak--24,144,1,,,metadata,
prot-1968--ak--24,145,0,,,metadata,
prot-1968--ak--24,145,1,,,metadata,
prot-1968--ak--24,145,4,,f0d538d10bda4e34,speech_start,Bror Nyström
prot-1968--ak--24,145,4,,0ba23c147c1beed8,speech_start,Bror Nyström
prot-1968--ak--24,146,0,,,metadata,
prot-1968--ak--24,146,1,,,metadata,
prot-1968--ak--24,147,0,,,metadata,
prot-1968--ak--24,147,1,,,metadata,
prot-1968--ak--24,148,0,,,metadata,
prot-1968--ak--24,148,1,,,metadata,
prot-1968--ak--24,148,7,,,metadata,
prot-1968--ak--24,148,9,,,metadata,
prot-1968--ak--24,148,12,,,metadata,
prot-1968--ak--24,149,0,,,metadata,
prot-1968--ak--24,149,1,,,metadata,
prot-1968--ak--24,149,5,,,metadata,
prot-1968--ak--24,149,8,,,metadata,
prot-1968--ak--24,149,13,,,metadata,
prot-1968--ak--24,149,16,,,metadata,
prot-1968--ak--24,149,21,,,metadata,
prot-1968--ak--24,150,0,,,metadata,
prot-1968--ak--24,150,1,,,metadata,
prot-1968--ak--24,150,5,,,metadata,
prot-1968--ak--24,150,9,,,metadata,
prot-1968--ak--24,150,10,,,metadata,
prot-1968--ak--24,150,16,,,metadata,
prot-1968--ak--24,150,19,,,metadata,
prot-1968--ak--24,150,21,,,metadata,
prot-1968--ak--24,151,0,,,metadata,
prot-1968--ak--24,151,4,,,metadata,
prot-1968--ak--24,151,6,,,metadata,
prot-1968--ak--24,151,8,,,metadata,
prot-1968--ak--24,151,11,,,metadata,
prot-1968--ak--24,151,12,,,metadata,
prot-1968--ak--24,151,13,,,metadata,
